{
  "hash": "9a7548cf",
  "configHash": "e283b1ad",
  "lockfileHash": "e6f8433e",
  "browserHash": "fb9af577",
  "optimized": {
    "@angular/core": {
      "src": "../../../../../../node_modules/@angular/core/fesm2022/core.mjs",
      "file": "@angular_core.js",
      "fileHash": "3fb27897",
      "needsInterop": false
    },
    "@angular/platform-browser": {
      "src": "../../../../../../node_modules/@angular/platform-browser/fesm2022/platform-browser.mjs",
      "file": "@angular_platform-browser.js",
      "fileHash": "bb36e1a1",
      "needsInterop": false
    },
    "@angular/router": {
      "src": "../../../../../../node_modules/@angular/router/fesm2022/router.mjs",
      "file": "@angular_router.js",
      "fileHash": "b629636d",
      "needsInterop": false
    },
    "@angular/forms": {
      "src": "../../../../../../node_modules/@angular/forms/fesm2022/forms.mjs",
      "file": "@angular_forms.js",
      "fileHash": "ffdb278c",
      "needsInterop": false
    },
    "@angular/common/http": {
      "src": "../../../../../../node_modules/@angular/common/fesm2022/http.mjs",
      "file": "@angular_common_http.js",
      "fileHash": "298d0d66",
      "needsInterop": false
    },
    "rxjs": {
      "src": "../../../../../../node_modules/rxjs/dist/esm5/index.js",
      "file": "rxjs.js",
      "fileHash": "177ffc82",
      "needsInterop": false
    }
  },
  "chunks": {
    "chunk-OJVLYO2S": {
      "file": "chunk-OJVLYO2S.js"
    },
    "chunk-43GJ2BN7": {
      "file": "chunk-43GJ2BN7.js"
    },
    "chunk-4TTJXSOV": {
      "file": "chunk-4TTJXSOV.js"
    },
    "chunk-A7PONTSJ": {
      "file": "chunk-A7PONTSJ.js"
    },
    "chunk-UPXM2XNN": {
      "file": "chunk-UPXM2XNN.js"
    },
    "chunk-S35MAB2V": {
      "file": "chunk-S35MAB2V.js"
    }
  }
}